{"train_loss": [0.5499143283814192, 0.5241537211196763, 0.5133757732276406, 0.5066412131169012, 0.49846023454197813, 0.4870105159601995, 0.48278331144579817, 0.4664586079972131, 0.4603621627071074, 0.4470122270286083, 0.43279741810900824, 0.42269012198916506, 0.4087915401905775, 0.3996568311538015, 0.3838389114077602], "train_accu": [0.36123791621911916, 0.40646817937701385, 0.42994763694951665, 0.4489124597207303, 0.4645374597207303, 0.495267185821697, 0.5004027926960256, 0.5244696562835658, 0.5345059076262083, 0.5534875134264233, 0.576111036519871, 0.5883794307196563, 0.6096267454350156, 0.6292125402792699, 0.6566360096670246], "valid_loss": [0.5035972275904247, 0.4930971690586635, 0.4827773741313389, 0.47988663826669964, 0.47735542910439627, 0.47532080113887787, 0.46553401223250795, 0.4580343110220773, 0.4723952327455793, 0.45419682349477497, 0.44654844062668936, 0.44407394528388977, 0.45460036396980286, 0.4613194593361446, 0.4451696297952107], "valid_accu": [0.45349293563579274, 0.49038461538461536, 0.5133437990580847, 0.5123626373626374, 0.4768445839874412, 0.48489010989010994, 0.520408163265306, 0.5306122448979591, 0.4640894819466248, 0.5204081632653061, 0.5457221350078493, 0.554160125588697, 0.5563186813186812, 0.5153061224489796, 0.5639717425431711]}