{"train_loss": [0.5419137219227658, 0.5187309480856119, 0.5047593163085108, 0.49155233020609523, 0.4769638769058366, 0.4626024952206587, 0.44302852853283364, 0.422878486890867, 0.40240851268558303, 0.3775920549822595, 0.35224661072764374, 0.3272703772150173, 0.2998525096885281, 0.27543026652824076, 0.24992896539250803], "train_accu": [0.36636442141623493, 0.4186096718480139, 0.45071551936836873, 0.47326054774241294, 0.4982728842832475, 0.5229459659511474, 0.5501171971379227, 0.5807118184061193, 0.6122008388847765, 0.649148778682457, 0.6795275104860592, 0.7054342462373555, 0.7398840365161609, 0.7683506044905014, 0.7958610905502095], "valid_loss": [0.5119486974210156, 0.49749500836644855, 0.4957730234885702, 0.47590713050900674, 0.46906008951518, 0.461946754431238, 0.44522965197660486, 0.4313782569097013, 0.4166496833976434, 0.40737765966629497, 0.449768245828395, 0.46908527430222957, 0.3957237637772852, 0.3611183230366026, 0.370016662137849], "valid_accu": [0.40937803692905744, 0.4545675413022353, 0.46112730806608365, 0.48906705539358586, 0.49951409135082636, 0.5072886297376095, 0.5352283770651118, 0.5578231292517007, 0.5850340136054422, 0.5949951409135082, 0.5612244897959183, 0.5366861030126336, 0.6095724003887271, 0.6550048590864918, 0.6431000971817299]}