{"train_loss": [0.1050022451672703, 0.000966672676440794, 0.0008961931307567284, 0.0004112670721951872, 0.0002161393204005435, 0.00012172021160949953, 0.00020682980721176136, 0.0001185515102406498, 9.432457045477349e-05, 0.00016525067439943086], "train_accu": [0.8392857142857143, 1.0, 1.0, 1.0, 1.0, 1.0, 1.0, 1.0, 1.0, 1.0], "valid_loss": [0.22636199742555618, 0.13671907782554626, 0.07133078575134277, 0.035422539338469505, 0.018938393332064152, 0.01064244844019413, 0.006002943031489849, 0.003449302283115685, 0.0019223043927922845, 0.000916511780815199], "valid_accu": [1.0, 1.0, 1.0, 1.0, 1.0, 1.0, 1.0, 1.0, 1.0, 1.0]}